k,n_nodes,n_edges,clustering,r_homo,r_homo_weighted
250,200.01120797011208,549.357409713574,0.46707569215860534,0.8576302953197141,0.8288649647342767
500,395.35367372353676,1119.1295143212951,0.4538956263055033,0.8852297750230615,0.8580575703153227
1000,870.8630136986301,2529.821917808219,0.4432433647599931,0.9120909226454152,0.8891899173703387
